<?xml version="1.0" encoding="UTF-8"?>
<project-private xmlns="http://www.netbeans.org/ns/project-private/1">
    <editor-bookmarks xmlns="http://www.netbeans.org/ns/editor-bookmarks/2" lastBookmarkId="0"/>
    <open-files xmlns="http://www.netbeans.org/ns/projectui-open-files/2">
        <group>
            <file>file:/C:/Users/priya/Documents/NetBeansProjects/leave/web/edit.css</file>
            <file>file:/C:/Users/priya/Documents/NetBeansProjects/leave/web/reg.jsp</file>
            <file>file:/C:/Users/priya/Documents/NetBeansProjects/leave/web/leave.png</file>
            <file>file:/C:/Users/priya/Documents/NetBeansProjects/leave/web/today.jsp</file>
            <file>file:/C:/Users/priya/Documents/NetBeansProjects/leave/web/register.html</file>
            <file>file:/C:/Users/priya/Documents/NetBeansProjects/leave/web/board.jsp</file>
            <file>file:/C:/Users/priya/Documents/NetBeansProjects/leave/web/leave.html</file>
            <file>file:/C:/Users/priya/Documents/NetBeansProjects/leave/web/style1.css</file>
            <file>file:/C:/Users/priya/Documents/NetBeansProjects/leave/web/login.jsp</file>
            <file>file:/C:/Users/priya/Documents/NetBeansProjects/leave/web/forgot.html</file>
            <file>file:/C:/Users/priya/Documents/NetBeansProjects/leave/web/altstaff.html</file>
            <file>file:/C:/Users/priya/Documents/NetBeansProjects/leave/web/edit.html</file>
            <file>file:/C:/Users/priya/Documents/NetBeansProjects/leave/web/signup.html</file>
            <file>file:/C:/Users/priya/Documents/NetBeansProjects/leave/web/dash.jsp</file>
            <file>file:/C:/Users/priya/Documents/NetBeansProjects/leave/web/newdash.jsp</file>
            <file>file:/C:/Users/priya/Documents/NetBeansProjects/leave/web/leaveapply.jsp</file>
        </group>
    </open-files>
</project-private>
